타임스탬프,"장소
","S1**Q2.** 방문 일시
[유형: 날짜]
필수 ✓
","S1**Q3.** 조사자 이름
[유형: 단답형]
필수 ✓
설명: 팀원 이름 (복수 방문 시 모두 기재)
","S1**Q4.** 날씨
[유형: 객관식]
",주소,"S1**Q6.** GPS 좌표 또는 네이버지도 핀 URL
[유형: 단답형]
설명: 네이버지도 앱에서 핀 공유 → URL 붙여넣기","지역 구분
","운영시간
",휴무일,연락처,"
SNS
","S1**Q12.** 입장료 / 가격대
[유형: 단답형]
설명: 예) 무료 / 성인 5,000원 / 메뉴 8,000원~","제천모아
",결흥맛쉼,"**Q15.** 머무는 시간 (예상)
[유형: 객관식]","**Q16.** 이동 수단
[유형: 체크박스]-차량필수인 것만","**Q17.** 주요 대상 (복수 선택 가능)
[유형: 체크박스]",로컬포인트,채식여,"**Q20.** 접근성 항목 (해당하는 것 모두 선택)
[유형: 체크박스]","**Q21.** 주차 가능 대수
[유형: 단답형]
설명: 약 __대 / 없음 / 노상주차 가능
","**Q22.** 접근성 기타 메모
[유형: 장문형]
설명: 경사도, 바닥 상태, 계절별 유의사항 등 자유롭게","**Q23.** 인터뷰 진행 여부
[유형: 객관식]","**Q24.** 운영자 한 마디 — 지도 여백에 들어갈 한 문장
[유형: 장문형]
설명: 직접 인용으로 적어주세요.
예) ""2019년에 서울에서 내려왔어요. 이 골목이 처음엔 낯설었는데, 지금은 제 전부예요.""
","**Q25.** 이 공간을 시작하게 된 계기
[유형: 장문형]
설명: 귀촌 동기, 창업 배경, 공간의 역사 등 자유롭게","**Q26.** 운영자가 추천한 인근 히든스팟
[유형: 단답형]
설명: 장소명 + 위치 메모 (지도에 추가 검토)
","**Q27.** 정기 행사 / 커뮤니티 활동
[유형: 단답형]
설명: 예) 매월 첫째 주 토요일 장터 / 비정기 워크숍 / 없음","**Q28.** 운영자 연락처 (추가 연락 동의 시)
[유형: 단답형]
설명: 동의한 경우에만 기재
전화번소/카카오톡/인스타그램 등","**Q29.** 지역 특산물 관련 항목 (해당하는 것 모두 선택)
[유형: 체크박스]","**Q30.** 사용하는 주요 지역 농산물 / 약초
[유형: 단답형]
설명: 예) 황기, 오미자, 사과, 양파, 수수, 도라지…","*Q31.** 대표 메뉴 / 상품 ① (이름 · 가격 · 특징)
[유형: 단답형]
","**Q32.** 대표 메뉴 / 상품 ② (이름 · 가격 · 특징)
[유형: 단답형]","**Q33.** 대표 메뉴 / 상품 ③ (이름 · 가격 · 특징)
[유형: 단답형]","**Q34.** 촬영 완료 항목 (해당하는 것 모두 선택)
[유형: 체크박스]","**Q35.** 릴스 / 지도 여백 스토리 한 줄 메모
[유형: 장문형]
설명: 이 장소의 사소하고 특별한 순간을 적어주세요.
예) ""오래된 선반 위의 약초 병들. 햇살이 비치는 오전 11시에만 볼 수 있는 장면.""
","**Q36.** 사진 구글드라이브 업로드 링크
[유형: 단답형]
설명: 사진 폴더 링크 붙여넣기 (탐방 후 업로드 후 기재)
","**Q37.** 지도 포함 추천도
[유형: 선형 배율]
최솟값: 1 (라벨: 보류)
최댓값: 5 (라벨: 반드시 포함)","**Q38.** 지도 수록 판단 (복수 선택 가능)
[유형: 체크박스]","특별한이유
","**Q40.** 후속 조치 메모
[유형: 장문형]
설명: 재방문 필요 여부 / 연락 후속 / 수정 사항 등
",41열,사전연락유무,위도 (Lat),경도 (Lng)
2026. 7. 7 오후 8:18:17,심심한 책방,2026. 7. 7,김민주,비,충북 제천시 덕산면 신현3길 27,https://naver.me/xUw8gD8g,덕산면,월~일 11:00~19:00 (휴게시간 13:00~15:00),없음 (예약제),010-9538-6624,@simsimhan_bookshop,,가능,🏛️결 ,반나절(4~6시간),,"1인 여행, 커플, 가족 (영유아 동반), 가족 (고령층 동반), 단체, 귀촌 탐색자, 워케이션",🤝 교류형 (주민과 대화·식사 가능한 공간),해당 없음,그늘 또는 실내 휴식 공간 있음,,,"진행 못함 (바빠서, 부재)",,,,,010-5391-2024,고유가지원금 사용 가능,,,,,,,,5,덕산 작은맵 포함,"그림책 작가와 만화가의 작업실을 겸한 작은 산골 서점으로, 다양한 워크숍과 전시가 열립니다. (예약제)",,,예약 필수. 전화 예약 또는 카카오톡 오픈채팅 '심심한 책방' 예약,37.0345,128.2178
,가장 오래살았수유 나무,,,,충청북도 제천시 수산면 상천리 295-1,,수산면,-,-,-,-,,해당 없음,🏛️결 ,,,,🔍 히든스팟 (현지인·귀촌인만 아는 곳),해당 없음,,,,,,,,,,,,,,,,,,,,"만지면 무병장수한다는, 가장 오래 살았수유 나무입니다.",,,,37.0289,128.2123
2026. 7. 7 오후 8:06:54,야생초 편지,2026. 7. 7,김민주,비,충청북도 제천시 덕산면 약초로 817,*지도에 따로 없음. 위 주소 자세히 확인할 ,덕산면,사전 연락 시 이용 가능,비정기,010-9942-7848,-,,불가,🏛️결,3~4시간,,"1인 여행, 커플, 가족 (영유아 동반), 가족 (고령층 동반), 단체, 귀촌 탐색자",도서관,해당 없음,"주차장이 바로 옆에 있음, 내부 이동 평탄 (계단·단차 없음), 그늘 또는 실내 휴식 공간 있음",,,다음에 재방문 예정,,,,,010-9942-7848 (황대권),x,,,,,,,,5,덕산 작은맵 포함,황대권 작가의 수목원 공간이자 야생초와 자연을 느끼며 쉬어갈 수 있는 도서 공간입니다. (사전 연락 권장),,,방문 시 사전 연락,37.0381,128.2251
2026. 7. 14 오후 3:35:35,제천 간디학교,2026. 7. 14,김민주,기타,충북 제천시 덕산면 약초로 561,,덕산면,-,-,-,홈페이지: http://www.gandhischool.org/,,불가,🏛️결,,,"1인 여행, 귀촌 탐색자",🚩랜드마크 (누구나 아는 명소),해당 없음,그늘 또는 실내 휴식 공간 있음,,,"진행 못함 (바빠서, 부재)",,,,,,x,,,,,,,,5,덕산 작은맵 포함,자연 속에서 경쟁보다 협동을 배우며 자신만의 리듬을 찾아가는 대안교육 배움터입니다.,,,방문 시 사전 연락,37.033,128.2195
,청년마을,,,,충청북도 제천시 덕산면 월악산로 451,,덕산면,월~금 09:00~18:00 (동절기 17:00 마감),"토, 일, 공휴일",010-8838-3740,"@ds_youth_maeul, @dsyouthland 홈페이지: http://youthland.co.kr",,불가,🏛️결,,,귀촌 탐색자,🤝 교류형 (주민과 대화·식사 가능한 공간),채식 가능,그늘 또는 실내 휴식 공간 있음,,,,,,,,,@ds_youth_maeul   @dsyouthland,,,,,,,,,,청년들의 농촌 정착과 다양한 시도를 지원하고 지역과 청년을 연결하는 농촌 정착 플랫폼입니다.,,,-,36.985,128.164
,바보농장,,,,충청북도 제천시 덕산면 도전리 758,,덕산면,사전 문의 후 방문,-,010-8838-3740,-,,해당 없음,🏛️결,,,"1인 여행, 귀촌탐색자",🤝 교류형 (주민과 대화·식사 가능한 공간),해당 없음,,,,,,,,,,,,,,,,,,,,귀촌인들이 모여 공동체를 이루고 자연 친화적인 농사와 협력적 삶을 실천하는 현장입니다,,,방문 시 사전 연락.,37.026,128.215
,선고3리마을(와둔지) 보호수,,,,충북 제천시 덕산면 선고리 일원,,덕산면,상시 개방,없음,-,-,,해당 없음,🏛️결,,,,🔍 히든스팟 (현지인·귀촌인만 아는 곳),해당 없음,,,,,,,,,,,,,,,,,,,,마을 입구를 지키는 수령 140여 년의 느티나무 보호수와 마을의 오랜 이야기가 전해지는 곳입니다.,,,-,,
,이음건설,,,,충청북도 제천시 수산면 수산리 596-10,,수산면,사전 문의 후 방문,-,010-3255-0092,-,,해당 없음,🏛️결,,,,🤝 교류형 (주민과 대화·식사 가능한 공간),해당 없음,,,,,,,,,,,,,,,,,,,,마을의 집과 공간을 고치고 지어 새로운 쓰임을 더합니다.,,,,37.02922,128.21072
,누리꿈터덕산지역아동센터,,,,충청북도 제천시 덕산면 약초로3길 17 2층,,덕산면,학기중 10:00~19:00 / 방학중 09:00~18:00,"토, 일, 공휴일",043-643-4727,블로그 https://blog.naver.com/nuriggum88,,불가,🏛️결,,,,🤝 교류형 (주민과 대화·식사 가능한 공간),해당 없음,,,,,,,,,,,,,,,,,,,,마을 아이들의 돌봄과 다채로운 교육·문화 프로그램을 지원하는 따뜻한 공동체 공간입니다.,,,,37.0298,128.2115
,흥원철물,,,,충청북도 제천시 덕산면 약초로3길 13,,덕산면,"월~토 07:00~18:00 (공휴일 영업)

",일,043-642-3051,,,가능,🏛️결,,,,🔍 히든스팟 (현지인·귀촌인만 아는 곳) / 편의시설,해당 없음,,,,,,,,,,,,,,,,,,,,"농자재부터 생활용품, 건축자재까지 필요한 모든 것을 갖춘 덕산면의 대표 만물상입니다.",,,,37.02965,128.21125
,간디마을센터,,,,충청북도 제천시 덕산면 약초로3길 17,,덕산면,월~금 (수업 제외 시간),"토,일",-,-,,해당 없음,🏛️결,,,,🤝 교류형 (주민과 대화·식사 가능한 공간),해당 없음,,,,,,,,,,,,,,,,,,,,다양한 도서가 구비되어 있어 간디학교 학생과 마을 주민 누구나 편하게 쉬어가는 열린 공간입니다.,,,,37.02982,128.21142
,덕산 119 안전센터,,,,충북 제천시 덕산면 약초로 57,,덕산면,-,-,-,-,,해당 없음,🏛️결,,,,119 안전센터,해당 없음,,,,,,,,,,,,,,,,,,,,-,,,,37.0292,128.2108
,제천 덕산 우체국,,,,충북 제천시 덕산면 약초로 62,,덕산면,-,-,043-642-2332,-,,해당 없음,🏛️결,,,,우체국,해당 없음,,,,,,,,,,,,,,,,,,,,-,,,,37.0295,128.2112
여기서부터 수산,수리보호수,,,,충청북도 제천시 수산면 수리 428-1,,수산면,-,-,-,-,,해당 없음,🏛️결,,,,🔍 히든스팟 (현지인·귀촌인만 아는 곳),해당 없음,,,,,,,,,,,,,,,,,,,,,,,,36.975,128.235
,패밀리쪽) 계곡 스팟2,,,,,,,,,,,,,,,,,,,,,,,,,,,,,,,,,,,,,,,,,,,
,파머스쪽) 계곡 스팟1,,,,,,,,,,,,,,,,,,,,,,,,,,,,,,,,,,,,,,,,,,,
,물돌민박 맞은 편 계곡3,,,,,,,,,,,,,,,,,,,,,,,,,,,,,,,,,,,,,,,,,,,
,자크르마을,,,,충청북도 제천시 수산면 수곡리 1173,,수산면,사전문의 후 방문,-,-,@jadu.maeul,,해당 없음,🏛️결,,,,🔍 히든스팟 (현지인·귀촌인만 아는 곳),해당 없음,,,,,,,,,,,,,,,,,,,,"자두나무가 많은 곳으로, 주민들이 직접 작은 집을 짓고 온실과 휴식 공간을 함께 가꾸며 살아가는 작은 공동체 마을입니다.",,,방문 시 사전 연락,36.992,128.255
,노을 뷰 스팟,,,,충북 제천시 덕산면 신현리 1266-4,,,,,,,,,,,,,,,,,,,,,,,,,,,,,,,,,,,,,,,
,제비봉휴게소,,,,,,,,,,,,,,,,,,,,,,,,,,,,,,,,,,,,,,,,,,,
,오티별신제전수관,,,,충청북도 제천시 수산면 오티리 591-3,,수산면,사전문의 후 방문,-,-,-,,해당 없음,🏛️결,,,,🔍 히든스팟 (현지인·귀촌인만 아는 곳),해당 없음,,,,,,,,,,,,,,,,,,,,충북 무형문화재 제8호인 전통 세시풍속 '제천 오티별신제'의 보존과 전승을 위한 교육 공간입니다.,,,,36.965,128.265
,올음음식문화연구소,,,,충북 제천시 덕산면 수산리 154-1,,덕산면,사전 예약제 / 운영시간 미정,-,010-8565-6951,-,,불가,🏛️ 결 ,,,"1인 여행, 커플, 가족",🔍 히든스팟 (현지인·귀촌인만 아는 곳),채식 가능,경사진 언덕,,,,,,,,,,,,,,,,,,,제천 지역 식재료와 음식의 원형을 연구하고 지켜나가는 예약제 음식 문화 연구 공간입니다.,,,방문 시 사전 연락,37.0285,128.2135
2026. 6. 17 오전 11:32:31,설렘공방,2026. 6. 17,김민주,맑음,충북 제천시 덕산면 약초로3길 17 ,,덕산면,월~토 08:00~17:30,일,010-3579-4497,@sulream_445 ,,가능,🎉 흥 ,1~2시간,,"1인 여행, 커플, 가족 (영유아 동반), 가족 (고령층 동반), 단체",🔍 히든스팟 (현지인·귀촌인만 아는 곳),해당 없음,"그늘 또는 실내 휴식 공간 있음, 고령층/영유아 동반 가능",,,진행함,,,,,010-3579-4497/@sulream_445,"지역 농산물·약초를 직접 사용함, 테이크아웃·선물 가능 제품 있음",,,,,,,,5,"큰맵 (덕산·수산·청풍·한수 광역) 포함, 덕산 작은맵 포함, 지도 여백 스토리 활용",자연과 인간에게 모두 무해한 재료를 사용하며 지속가능한 삶에 필요한 것들을 직접 만들고 이웃과 함께 배우고 나누는 열린 커뮤니티입니다.,,,원데이클래스 시 사전 연락,37.02985,128.21148
2026. 7. 7 오후 7:33:27,작은숲 피아노(학원),2026. 7. 6,김민주,흐림,충북 제천시 덕산면 도전리 141 (도전로/약초로 인근),모름,덕산면,"화, 목 13:30~18:30","월, 수, 금, 토, 일",010-9125-9578,-,x,불가,🎉 흥 ,1~2시간,,"1인 여행, 단체",🔍 히든스팟 (현지인·귀촌인만 아는 곳),해당 없음,"내부 이동 평탄 (계단·단차 없음), 그늘 또는 실내 휴식 공간 있음",,,다음에 재방문 예정,,,,,010-9125-9578,x,x,"악기 교습( 피아노, 가야금 등 ) ",,,x,,,5,덕산 작은맵 포함,"몽블랑이 뛰어노는 숲 주인이 피아노, 가야금 등을 가르치는 공간입니다.",,,방문 시 사전 연락,37.0289,128.2123
2026. 7. 7 오후 7:42:56,월악파머스 캠핑장,2026. 7. 6,김민주,비,충북 제천시 덕산면 월악산로 450-5,https://naver.me/F3TqnLzr,덕산면,예약제 운영 (성수기 정상운영),"1,2월",0507-1388-4346,@farmers_camp_ground  카페: https://cafe.naver.com/farmerscampingground.cafe,객실별 입장료 다름 + 음료/식사/간식 등,가능,🎉 흥 ,1박이상,,"1인 여행, 커플, 가족 (영유아 동반), 가족 (고령층 동반), 단체",🤝 교류형 (주민과 대화·식사 가능한 공간),채식 가능,"그늘 또는 실내 휴식 공간 있음, 고령층/영유아 동반 가능",,,진행함,,,,,0507-1388-4346,지역 농산물·약초를 직접 사용함,,,,,,,,5,덕산 작은맵 포함,"직접 키운 농산물과 계절 체험, 자연을 함께 즐기는 덕산의 농사 체험형 캠핑장입니다.",,,-,36.9852,128.1654
,측백숲으로,,,,충북 제천시 수산면 수산리 25-1 (포전로 110),,수산면,월~일 09:00~18:00,없음,043-644-6550,홈페이지: https://www.susanwellness.com/,,가능,🎉 흥,,,,🚩랜드마크 (누구나 아는 명소),해당 없음,,,,,,,,,,,,,,,,,,,,측백나무 숲의 그윽한 향 속에서 족욕 및 천연 제품 만들기 힐링을 즐기는 웰니스 체험장입니다.,,,,36.985,128.248
2026. 7. 7 오후 7:53:43,나들가게 대림마트,2026. 7. 7,김민주,비,충북 제천시 덕산면 약초로3안길 5,https://naver.me/5RAYyiE5,덕산면,월~토 08:30~20:00,일,043-642-3162,-,*고유가피해지원금 (정부지원금) 사용 가능,가능,🍽 맛,1~2시간,,"1인 여행, 커플, 가족 (영유아 동반), 가족 (고령층 동반), 단체, 귀촌 탐색자, 워케이션",편의시설,채식 가능,고령층/영유아 동반 가능,,,"진행 못함 (바빠서, 부재)",,,,,,**조사해서 확실히 넣을 것,,,,,,,,5,덕산 작은맵 포함,덕산면 마을 주민들의 일상을 책임지는 친근하고 편리한 동네 슈퍼마켓입니다.,,,-,37.0292,128.2108
,대풍마트,,,,충북 제천시 덕산면 약초로 44 (도전리 813-6),,덕산면,월~일 6:00~20:00,없음 (연중무휴),043-648-5642,-,,가능,🍽 맛,,,,편의시설,채식 가능,,,,,,,,,,,,,,,,,,,,연중무휴로 운영되며 식자재와 생필품을 손쉽게 구매할 수 있는 지역 마트입니다.,,,-,37.0287,128.2119
,나들가게 대동마트,,,,충청북도 제천시 덕산면 약초로3길 3,,덕산면,월~일 7:00~21:00,없음 (연중무휴),043-642-3006,-,,가능,🍽 맛,,,,편의시설,채식 가능,,,,,,,,,,,,,,,,,,,,이른 아침부터 밤까지 열려 있어 방문객과 주민 모두 편하게 이용하는 동네 마트입니다.,,,-,37.0295,128.2112
2026. 7. 7 오후 8:02:13,4월의 밀밭,2026. 7. 7,김민주,비,충북 제천시 덕산면 월악산로 396-5 ,https://naver.me/FxFOnx06,덕산면,수~금 11:00~19:00 / 토~일 09:00~19:00,"월, 화 ",0507-1379-6022,@april_wheatfield,,가능,🍽 맛,1~2시간,,"1인 여행, 커플, 가족 (영유아 동반), 가족 (고령층 동반), 단체",🤝 교류형 (주민과 대화·식사 가능한 공간),채식 가능,"그늘 또는 실내 휴식 공간 있음, 고령층/영유아 동반 가능",,,"진행 못함 (바빠서, 부재)",,,,,0507-1379-6022,*자세히 확인 후 기록할 것 우리밀 사용,,,,,,,,5,덕산 작은맵 포함,우리밀 디저트와 가마솥 로스팅 커피를 선보이는 아늑한 덕산 감성 카페입니다.,,,-,37.0012,128.1895
2026. 7. 7 오후 8:12:57,파인커피,2026. 7. 6,김민주,눈,충청북도 제천시 덕산면 약초로 5,,덕산면,월~일: 08:00~20:00 ,없음 (명절 정상영업),0507-1408-6430,-,,가능,🍽 맛,1~2시간,,"1인 여행, 커플, 가족 (영유아 동반), 가족 (고령층 동반), 단체, 귀촌 탐색자, 워케이션",🤝 교류형 (주민과 대화·식사 가능한 공간),채식 가능,그늘 또는 실내 휴식 공간 있음,,,"진행 못함 (바빠서, 부재)",,,,,0507-1408-6430,"*고유가지원금 사용 가능, 제천모아  사용 가능",,,,,,,,5,덕산 작은맵 포함,"직접 로스팅한 원두커피와 국산 팥으로 만든 수제 팥빙수, 대추생강차가 인상적인 카페입니다.",,,-,37.0296,128.2111
,성암휴게소식당,,,,충북 제천시 덕산면 월악산로 304 (성암리 492),,덕산면,"월~일 11:00~14:00 (아침식사 비공식)
",없음,,,,불가 (미확인),🍽 맛,,,,🤝 교류형 (주민과 대화·식사 가능한 공간),불가,,,,,,,,,,,,,,,,,,,,"정갈한 밑반찬과 진한 소머리국밥, 각종 찌개류를 맛볼 수 있는 푸근한 현지 식당입니다",,,,37.042,128.219
-여기서부터 윤하,덕담,,,,충청북도 제천시 덕산면 약초로3길 24,,덕산면,화~일 09:00~18:00,월요일 ,010-3738-1405,@duckdam.official,,가능,🍽 맛,,,,🤝 교류형 (주민과 대화·식사 가능한 공간),해당 없음,,,,,,,,,,,,,,,,,,,,"덕산, 수산 지역에서 생산된 신선한 농특산물과 로컬 공예품을 만나볼 수 있는 마을 매장입니다",,,,37.0299,128.2116
,통큰식당,,,,충청북도 제천시 덕산면 약초로3길 5-1,,덕산면,화~일 08:30~17:30 (월요일 장날 영업),"월 (4, 9일 오일장 제외)",043-645-3005,-,,가능,🍽 맛,,,,🚩랜드마크 (누구나 아는 명소),채식 가능,,,,,,,,,,,,,,,,,,,,인플루언서 쯔양이 왔다간 곳입니다. 제육칼국수라는 특별한 메뉴가 있습니다.,,,,37.0294,128.2109
,플레이스4,,,,충청북도 제천시 덕산면 약초로3길 19,,덕산면,화 11:00~17:30 / 수~일 11:00~19:00,월,043-648-0088,@place4.cafe,,가능,🍽 맛,,,,🤝 교류형 (주민과 대화·식사 가능한 공간),채식 가능,,,,,,,,,,,,,,,,,,,,간디학교 출신 청년이 운영하며 정성 가득한 파스타와 이탈리안 요리를 즐길 수 있는 공간입니다.,,,예약 시 DM 또는 전화,37.03,128.2117
,빵이랑 커피랑,,,,충청북도 제천시 덕산면 약초로 97 1층,,덕산면,월~일 06:30~22:00,없음,043-653-0089,-,,가능,🍽 맛,,,,🤝 교류형 (주민과 대화·식사 가능한 공간),채식 가능,,,,,,,,,,,,,,,,,,,,매일 아침 매장에서 직접 굽는 고소한 베이커리와 향긋한 커피를 즐길 수 있는 동네 빵집입니다,,,,37.0288,128.2105
,녹는점,,,,충청북도 제천시 덕산면 약초로3안길 4-1 ,,덕산면,화~토 10:00~20:00 / 일 10:00~14:00,월,0507-1311-0724,@meltingpoint_log,,가능,🍽 맛,,,,🤝 교류형 (주민과 대화·식사 가능한 공간),채식 가능,,,,,,,,,,,,,,,,,,,,"삶이 만들어내는 크고 작은 갈등을 녹여내는 공간이며, 지역 농산물을 활용한 식사와 프리미엄 디저트, 따뜻한 대화가 공존하는 청년 카페입니다",,,,37.0291,128.2107
,아오바바,,,,충청북도 제천시 덕산면 약초로3안길 9,,덕산면,"월, 수~일 10:00~19:00",화,0507-1412-2560,@official_aobaba,,가능,🍽 맛,,,,🤝 교류형 (주민과 대화·식사 가능한 공간),불가,,,,,,,,,,,,,,,,,,,,결혼이주여성들이 정성껏 선보이는 정통 베트남 현지식 가정 요리를 맛볼 수 있는 곳입니다,,,,37.0293,128.2106
,덕산오마니순대국,,,,충청북도 제천시 덕산면 약초로 109-1,,덕산면,월~토 11:00~20:00 (쉬는시간 14:00~17:00),일,043-653-4343,-,,가능,🍽 맛,,,,🤝 교류형 (주민과 대화·식사 가능한 공간),불가,,,,,,,,,,,,,,,,,,,,깊고 진한 국물과 푸짐한 순대·머릿고기가 일품인 덕산면의 든든한 국밥 전문점입니다.,,,,37.0286,128.2102
,다와연,,,,충청북도 제천시 덕산면 월악로 2611,,덕산면,월~일 08:30~21:00 (겨울 09:00~21:00),없음,0507-1444-8959,@dawayeon_cafe,,가능,🍽 맛,,,,🤝 교류형 (주민과 대화·식사 가능한 공간),해당 없음,,,,,,,,,,,,,,,,,,,,한국 전통 수제 꽃차와 정성스럽게 내린 프리미엄 블렌딩 커피를 맛볼 수 있는 찻집입니다,,,,36.968,128.148
,성천식당,,,,충북 제천시 덕산면 약초로 38 (도전리 450-7),,덕산면,월~일 11:00~21:00 (쉬는시간 14:00~16:30),없음,043-644-3255,-,,가능,🍽 맛,,,,🤝 교류형 (주민과 대화·식사 가능한 공간),불가,,,,,,,,,,,,,,,,,,,,정갈하고 풍성한 밑반찬과 시원한 코다리냉면이 인기 있는 단골 식당입니다.,,,,37.0275,128.213
,산야초치킨마을,,,,충청북도 제천시 덕산면 약초로3안길 6-1,,덕산면,월~일 불규칙 운영 (~21:00 마감),없음,043-642-2983,-,,가능,🍽 맛,,,,🤝 교류형 (주민과 대화·식사 가능한 공간),불가,,,,,,,,,,,,,,,,,,,,바삭한 치킨과 함께 제천의 특산품인 약초 즙 및 관련 제품도 함께 안내하는 독특한 곳입니다,,,,37.02925,128.21065
,후조김밥,,,,충청북도 제천시 덕산면 약초로3안길 12,,덕산면,월~토 09:00~19:00,일,043-646-2747,-,,가능,🍽 맛,,,,🤝 교류형 (주민과 대화·식사 가능한 공간),채식 가능,,,,,,,,,,,,,,,,,,,,깔끔한 재료로 정성껏 싸아내는 김밥과 분식을 맛볼 수 있는 정겨운 분식집입니다,,,,37.02915,128.21075
,제천식당,,,,충청북도 제천시 덕산면 약초로3길 7,,덕산면,월~일 11:00~14:00 (점심 전용),수(또는 수시),043-648-5020/ 043-642-3034,-,,가능,🍽 맛,,,,🤝 교류형 (주민과 대화·식사 가능한 공간),불가,,,,,,,,,,,,,,,,,,,,점심시간에 맞춰 옛날식 짜장면과 짬뽕 등 정통 중화요리를 선보이는 노포 식당입니다.,,,,,
,미미수제왕돈가스,,,,충북 제천시 덕산면 약초로 34 (도전리 442-4),,덕산면,월~토 11:00~19:00 (쉬는시간 14:00~16:00),일,043-642-6425,-,,가능,🍽 맛,,,,🤝 교류형 (주민과 대화·식사 가능한 공간),채식가능(메밀소바),,,,,,,,,,,,,,,,,,,,겉은 바삭하고 속은 촉촉한 대형 수제 왕돈가스와 시원한 메밀소바를 즐기는 맛집입니다,,,,37.0278,128.2132
,신흥식육식당,,,,충청북도 제천시 덕산면 약초로3안길 14,,덕산면,월~토 ~18:00 (유동적 마감),유동적 / 비정기 휴무,043-643-4602,-,,가능,🍽 맛,,,,🤝 교류형 (주민과 대화·식사 가능한 공간),"채식가능(김치찌개, 된장찌개, 콩국수)",,,,,,,,,,,,,,,,,,,,소고기 불백과 버섯전골 등 신선한 고기 요리와 얼큰한 찌개류가 풍성한 식당입니다,,,,,
,충북식당한우일번지,,,,충북 제천시 덕산면 약초로3안길 6,,덕산면,월~일 11:00~19:30,없음,043-644-0585,-,,가능,🍽 맛,,,,🤝 교류형 (주민과 대화·식사 가능한 공간),불가,,,,,,,,,,,,,,,,,,,,푸짐한 버섯과 채소를 듬뿍 넣어 끓여내는 버섯 샤브샤브와 한우 요리 전문점입니다.,,,,37.02922,128.21072
,수산식당식육점,,,,충북 제천시 덕산면 약초로3안길 8,,덕산면,,,043-645-3101,-,,가능,🍽 맛,,,,🤝 교류형 (주민과 대화·식사 가능한 공간),불가,,,,,,,,,,,,,,,,,,,,,,,,36.975,128.245
,바우양조장,,,,충북 제천시 덕산면 약초로3길 8-1,,덕산면,,,,,,,,,,,,,,,,,,,,,,,,,,,,,,,,,,,,36.98,128.24
,덕산정육식당,,,,충청북도 제천시 덕산면 약초로4,,덕산면,월~일 07:00~21:00,없음,043-644-6631,-,,가능,🍽 맛,,,,🤝 교류형 (주민과 대화·식사 가능한 공간),불가,,,,,,,,,,,,,,,,,,,,"신선한 정육 구이와 함께 구수한 수제 청국장, 맛깔난 밑반찬이 돋보이는 식당입니다.",,,,37.0297,128.2113
,삼거리횟집,,,,충북 제천시 덕산면 월악산로 297 (성암리 479-3),,덕산면,월~일 11:00~20:00,없음,043-645-8306,-,,가능,🍽 맛,,,,🤝 교류형 (주민과 대화·식사 가능한 공간),채식가능(손두부),,,,,,,,,,,,,,,,,,,,"매일 직접 만드는 손두부와 제천 자연산 버섯전골, 닭볶음탕이 인기인 한식당입니다",,,,37.0415,128.2185
,대성송어양식장 횟집,,,,충청북도 제천시 덕산면 월악로 2370,,덕산면,"월, 화, 목~일 11:00~20:00

",수,010-9957-9967,인스타그램/유튜브: @gimjvn  블로그: 대성송어양식장&횟집 ,,가능,🍽 맛,,,,🤝 교류형 (주민과 대화·식사 가능한 공간),불가,,,,,,,,,,,,,,,,,,,,"직접 양식한 싱싱한 송어회와 수제 고추장, 텃밭 농산물을 차려내는 방송 맛집입니다",,,,36.968,128.147
,카페목화,,,,충청북도 제천시 수산면 상천1길 6,,수산면,화~일 10:00~18:00,월,0507-1428-3799,@cafemokhwa043,,가능,🍽 맛,,,,🤝 교류형 (주민과 대화·식사 가능한 공간),채식 가능,,,,,,,,,,,,,,,,,,,,"허름한 주막에서 알록달록 빈티지 아기자기한 카페로 변신했습니다.  시그니처 산수유 메뉴들이 있습니다.
",,,,36.955,128.215
,카페슬로윗 수산,,,,충청북도 제천시 수산면 월악로22길 95 ,,수산면,월~금 10:00~18:00,"토, 일",0507-1344-4946,@cafe_sloweet,,가능,🍽 맛,,,,🤝 교류형 (주민과 대화·식사 가능한 공간),채식 가능,,,,,,,,,,,,,,,,,,,,Slow+Sweet의 합성어인 Sloweet입니다. 직접 농사지은 우리밀로 당일 정성껏 구워내는 빵과 음료를 판매하는 수산면 베이커리 카페입니다,,,,36.982,128.242
,글루글루,,,,충북 제천시 수산면 옥순봉로10길 2 2동,,수산면,월~금 11:00~18:30 / 토~일 10:00~19:00,없음(연중무휴),0507-1358-2664,@cafe_glouglou,,가능,🍽 맛,,,,🤝 교류형 (주민과 대화·식사 가능한 공간),채식 가능,,,,,,,,,,,,,,,,,,,,청풍호의 탁 트인 호수 뷰와 포토존을 갖추어 휴식과 감성을 선사하는 뷰 맛집 카페입니다,,,,36.942,128.228
2026. 7. 14 오후 3:41:56,월악산 영봉,2026. 7. 15,김민주,,충북 제천시 덕산면 월악리 산 일원,,덕산면,상시 개방 (입산통제시간 확인),"없음
",-,-,,해당 없음,🌲 쉼 ,,,"1인 여행, 커플, 가족 (영유아 동반), 가족 (고령층 동반), 단체, 귀촌 탐색자",🚩랜드마크 (누구나 아는 명소),해당 없음,그늘 또는 실내 휴식 공간 있음,,,"진행 못함 (바빠서, 부재)",,,,,,x,,,,,x,,,5,덕산 작은맵 포함,월악산의 수려한 암봉과 깊고 맑은 계곡 비경을 품고 있는 제천의 대표 자연 명소입니다.,,,-,36.885,128.095
,월악산 마애봉,,,,충북 제천시 덕산면 월악리 산 일원,,덕산면,상시 개방 (입산통제시간 확인),없음,-,-,,해당없음,🌲 쉼 ,,,,🚩랜드마크 (누구나 아는 명소),해당 없음,,,,,,,,,,,,,,,,,,,,월악산의 수려한 암봉과 깊고 맑은 계곡 비경을 품고 있는 제천의 대표 자연 명소입니다.,,,,36.875,128.085
,용하구곡 상류,,,,충북 제천시 덕산면 월악리 855,,덕산면,-,-,-,-,,해당 없음,🌲 쉼 ,,,,🚩랜드마크 (누구나 아는 명소),해당 없음,,,,,,,,,,,,,,,,,,,,월악산의 수려한 암봉과 깊고 맑은 계곡 비경을 품고 있는 제천의 대표 자연 명소입니다.,,,,36.945,128.135
,고려한의원,,,,충청북도 제천시 덕산면 약초로3길 7,,덕산면,"월~금 8:00~15:30, 토 8:30~12:30 (휴게시간 13:00~14:00)",일,070-8826-1075,-,,가능,🌲 쉼 ,,,,병원,해당 없음,,,,,,,,,,,,,,,,,,,,-,,,,37.02942,128.21098
,연세의원,,,,충북 제천시 덕산면 약초로 81,,덕산면,"월~금 9:00~17:30, 토 9:00~13:00",일,043-643-6490,-,,가능,🌲 쉼 ,,,,병원,해당 없음,,,,,,,,,,,,,,,,,,,,-,,,,37.02895,128.2103
,옥순봉생태공원,,,,충북 제천시 수산면 수산리 24,,수산면,,,,,,,🌲 쉼 ,,,,🚩랜드마크 (누구나 아는 명소),,,,,,,,,,,,,,,,,,,,,옥순봉과 청풍호반의 수려한 자연경관 속에서 여유롭게 산책하며 쉴 수 있는 생태공원입니다,,,,36.98,128.25
,황샛골 마을 느티나무 언덕,,,,충북 제천시 덕산면 약초로 10길 65,,덕산면,-,-,-,-,,-,🌲 쉼,,,,🔍 히든스팟 (현지인·귀촌인만 아는 곳),해당 없음,,,,,,,,,,,,,,,,,,,,덕산면내가 한눈에 내려다보이는 감성적인 힐링 언덕 스팟입니다,,,,36.982,128.235
,뱃재 노을 뷰 언덕,,,,충북 제천시 덕산면 신현리 1266-4,,덕산면,-,-,-,-,,-,🌲 쉼,,,,🔍 히든스팟 (현지인·귀촌인만 아는 곳),해당 없음,,,,,,,,,,,,,,,,,,,,사람의 발길이 닿지 않은 듯한 신비로운 분위기 속에서 덕산의 노을을 오롯이 만날 수 있는 비밀스러운 뷰 포인트입니다,,,,36.97,128.22